{
  "description": "This is a system generated manifest of files expected to be present in this zip. It can be safely deleted.",
  "metadata": {
    "generated_at": "2023-08-14T11:22:06+00:00",
    "trigger": {
      "file_hashid": "unknown",
      "action": "unknown"
    }
  },
  "manifest": [
    {
      "filename": "Variable Definitions.csv",
      "filesize": 470,
      "description": "This file describes the variables found in train and test. ",
      "created_at": "2023-08-14 11:21:00 UTC",
      "updated_at": "2023-08-14 11:22:06 UTC"
    },
    {
      "filename": "Test.csv",
      "filesize": 126845,
      "description": "Test resembles Train.csv but without the target-related columns. This is the dataset on which you will apply your model to.",
      "created_at": "2023-08-14 11:21:01 UTC",
      "updated_at": "2023-08-14 11:21:56 UTC"
    },
    {
      "filename": "SampleSubmission.csv",
      "filesize": 23318,
      "description": "Is an example of what your submission file should look like. The order of the rows does not matter, but the names of the \"ID\" must be correct.",
      "created_at": "2023-08-14 11:21:00 UTC",
      "updated_at": "2023-08-14 11:21:49 UTC"
    },
    {
      "filename": "Train.csv",
      "filesize": 308417,
      "description": "Train contains the target. This is the dataset that you will use to train your model.",
      "created_at": "2023-08-14 11:21:01 UTC",
      "updated_at": "2023-08-14 11:22:01 UTC"
    }
  ]
}